AI Draw|https://ai-draw.tokyo/|
AI Toolbox|https://aitoolbox.it/app-intelligenza-artificiale/|Elenco dei migliori servizi, best, top
AI Toolbox|https://aitoolbox.it/|elenco servizi
AI Writer|https://ai-writer.com/|Produce indici e trame di racconti, scrittura
API OpenAI|https://openai.com/api/|chatgpt api
Abridge||Healcare and administration capture audio during an appointment and then write up notes for the doctor to review. Per sbobinare appuntamenti per i medici, settore salute trascrizioni
Adcreative.it||
Adobe Firefly ||semplifica il processo di creazione di design visivamente accattivanti. intuitiva e semplice.
Adobe Podcast||se realizzi podcast, da un file audio realizzato in maniera non ottimale, anche registrato con il cellulare, lo strumento te lo trasforma in un file di alta qualità come se fosse stato registrato con strumentistica professionale #podcast. 
Adobe firefly 2||immagini
Adobe firefly|| come midj x aziende
Ai tools|https://ai-tools.it/|elenco di servizi
Alternative Rask|https://alternativeto.net/software/rask-ai/|Rask Ai  enables you to translate videos from any language to English
Aluga |alugha.com|sottotitolo senza voci altrui alugha - The multilingual video toolkit to reach a global...  
Amazon bedrock|https://aws.amazon.com/it/bedrock/|Il modo più semplice per creare e scalare applicazioni di IA generativa con modelli di fondazione
Amberscript |https://www.amberscript.com/it/|sottotitola - trascrizioni podcast
Antrophic|https://www.anthropic.com/|Anthropic is an AI safety and research company based in San Francisco
Appen|https://www.appen.com/|Appen has been providing high-quality datasets that power the world's leading AI models for decades.
Apprendimento automatico (ML)
Appsumo|https://appsumo.com/|Elenco di offerte di servizi di AI acquisti in offerte una tantum senza abbonamenti
Artguru|https://www.artguru.ai/it/| genera immagini
AskYourPDF|https://askyourpdf.com/|estrae informazioni lunghi documenti pdf
AssemblyAI|assemblyai.com/ | AI models to transcribe and understand speech autochapter frasi chiavi sentiment, sintesi, riconoscimento  topic podcast trascrizioni
Audiopen|https://audiopen.ai|Go from fuzzy thought to clear text. Fast. AudioPen converts voice notes into text that's easy to read and ready to share.  Create meeting notes, memos, emails, articles and more. All you have to do is talk. Trascrizioni podcast
Auphonic|https://auphonic.com/|Your AI sound engineer for   podcasts education videos audiobooks radio broadcasts
Autodraw ||elabora un disegno ben fatto da un tuo scarabocchio
Azure ml|https://azure.microsoft.com/it-it/products/machine-learning/| Usa un servizio di intelligenza artificiale di livello aziendale per il ciclo di vita end-to-end dell’apprendimento automatico (ML
Bard||old name of google's gemini
Basicpitch|| voice to midi
Bearly|https://bearly.ai/pricing|HyperChat - Reading, writing, and content creation all one shortcut away.AI for Pros. Bearly makes you 10x faster by adding state of the art AI to your workflow. Reading, writing, and content creation all one shortcut away. Interact with any document Analyze and ask questions across any doc. Attach files and continue the conversation. Transcribe audio and video Turn any podcast, youtube video, or meeting recording into a transcript you can interact with. Generate Meeting Minutes and Identify Key Takeaways
Beatoven | https://www.beatoven.ai/|Il tuo AI Companion quotidiano
Bedrock amazon||
Bert|https://huggingface.co/docs/transformers/model_doc/bert|a bidirectional transformer pretrained using a combination of masked language modeling objective and next sentence prediction on a large corpus comprising the Toronto Book Corpus and Wikipedia transformer
Bing / Copilot |https://www.bing.com/copilot|
Butterfly|| crea app mobile
Canva||immagini
Capterra|https://www.capterra.com/p/10006163/Rask-AI/alternatives/|alternative a rask clona voci
Captions ||Captions is an AI-powered app designed for video creation and editing, offering features such as automatic captions and subtitles generation, script creation, eye contact correction, language translation, and easy sharing on various platforms.
Chat GPT | https://chat.openai.com/|Alternative to Poe 
ChatGPT for work|| è un’estensione di ChatGPT per avere sempre a portata di click in google Sheets o in Docs le funzionalità dell’app 
Chatbot Arena|https://chat.lmsys.org/?arena|compara modelli,elenco
Chatiaik.com||
ChatSonic|https://writesonic.com/chat|Like ChatGPT but with Google integration, images, voice search and API. #immagini
Cheshire|https://cheshirecat.ai/|Cheshire Cat AI is a production-ready AI framework. Top. Italiano. developers
Classificazione email||gestire informazioni;
Claude.ai|https://www.anthropic.com/claude|come chatgpt - upload documenti
Claude2||come chatgpt
Cleanfeed|https://cleanfeed.net/|serve per le registrazioni da remoto di qualità - Separa voce da tutto il resto. Pazzesco. Max 30 min ver. gratuita. Cleanfeed is free to get started, and that includes commercial use. You can upgrade at any time to Cleanfeed Pro. podcast
Cleanup |https://cleanup.pictures/|elimina tutti quegli elementi che rovinano le tue foto.  #pulisce immagini
Clear|https://product.supertone.ai/clear|servizio online per separare nell'audio la voce da tutto il resto, consigliato da Antonio per podcast
Cody||consente di realizzare il tuo assistente AI personalizzato, rispetto ad Ora è ad un livello di professionalità superiore. Come funziona? Dagli in pasto tutte le informazioni utili che riguardano il tuo business, come testi, immagini, documentazioni. L’app acquisirà tutta la conoscenza necessaria per fornirti un reale supporto da assistente virtuale. local custom chat
Compose ||è un’estensione Chrome di auto-completamento. In sostanza, ogni volta che su qualunque app, sito o altro stai scrivendo del testo questa estensione ti aiuta a risparmiare circa il 40% del tempo
Condens ||per esperti di UX. 
Contents.ai|https://www.contents.ai/|YOUR AI WRITING ASSISTANT Generate any type of content in just a few seconds
Copy.ai|| genera testi creativi e coinvolgenti per scopi pubblicitari, di marketing o di branding.
Craiyon.com|https://www.craiyon.com/|Create AI Art with our free AI image generator, #immagini
Crowdin|https://crowdin.com/ai-localization|traduzioni
CurioAI||which creates a custom podcast on any subject you ask about, is a glimpse of what’s coming
Dall-e 3||immagini
Db vettoriali||To create personal agents, we need a new type of database that can capture all the nuances of your interests and relationships and quickly recall the information while maintaining your privacy. We are already seeing new ways of storing information, such as vector databases, that may be better for storing data generated by machine learning models
Deepl pro|https://deepl.com|traduzioni, europeo
Delfi.ai|https://www.delfi.ai/|Delfi.ai estrae automaticamente le informazioni finanziarie relative alla tua azienda comparandole con i dati di aziende simili alla tua, restituendoti un benchmark con indicazioni preziose per potenziare il tuo business. 
Deloitte||- ricerca indipedente dalla lingua - giornalismo automatico
Deloitte||legal design - condizioni contrattuali semplificazione del linguaggio emplifichiamo le clausole contrattuali  federico neri : chat bot multilingue  federico neri: controllo giornalistico per cambiare aggettivi, 3000 articoli, 70 news al minuto (e controllo fonti)
Descript| https://www.descript.com/|ti permette di editare un video in una manciata di secondi, testo genera video
Designerr|https://designrr.io/|Create eBooks & Leadmagnets, scrittura libri
Disposable Email | https://temp-mail.org/it/|
Docparser|https://docparser.com/|Docparser è una piattaforma di estrazione dati che utilizza Mistral.ai per elaborare automaticamente i documenti e estrarre i dati rilevanti.
Docsumo|https://docsumo.com/|Docsumo è una piattaforma di elaborazione automatica dei documenti che utilizza Mistral.ai per estrarre i dati dai documenti e generare riassunti automatici.
Dolby|https://dolby.io| controlla qualità audio, Enhance audio - Embed audio enhancement into your applications to enable speech enhancement and background noise reduction in your applications. Drive engagement with high-fidelity media and premium audio features., podcasting
Dolly|https://www.databricks.com/blog/2023/03/24/hello-dolly-democratizing-magic-chatgpt-open-models.html|Free Dolly: Introducing the World's First Truly Open Instruction-Tuned LLM
Dorosi ||un tool che permette di creare delle favole.
Dubformer|| come rask costa meno meno funzioni clona voci
Durable|| crea bei siti
Eightify|https://eightify.app/|YouTube video summaries with Eightify and ChatGPT 
Elaborazione del linguaggio naturale (PNL)
Empatico chatbot||gestire informazioni;
Enhance Adobe Podcast | https://podcast.adobe.com/enhance|
ExpediteSocial|https://appsumo.8odi.net/g1V469|Software free
Explosion.ai|https://explosion.ai/|Explosion builds developer tools for AI, Machine Learning and Natural Language Processing #spacy
Extrazione||gestire informazioni;
EzDubs ||Real-time AI voice dubbing for video and livestreams with voice preservation. Break down language barriers to videos and live streams. Engage viewers from multiple demographies.
FaceTune|| rende foto bizzarre
Filmora 13||video
Fireflies.ai||estrapola la trascrizione di ciò che è stato detto durante la riunione, fa un riassunto con un focus sui punti salienti e genera anche i task da indirizzare ai diversi partecipanti.
Foocus|https://www.fooocus.cc/|an image editing tool that uses machine learning technology to focus on focus selection and depth estimation of images.#immagini
Fotor|https://www.fotor.com/images/create| genera immagini
Frase.io||
Gamma.app|https://gamma.app/|Generazione presentazioni powerpoint slides. Ottima
Gatesnotes.com|https://www.gatesnotes.com/AI-agents|elenchi di risorse
Gemini dev|https://ai.google.dev/|Gemini (Google) for developers
Generated Photos||genera dal nulla volti di persone che non esistono
Ginger||
chatGeospy.ai|https://geospy.ai| per trovare la posizione di una foto
GitHub Copilot||Coding
Glass Health  |https://glass.health/|Healcare and administration Health can analyze a patient summary and suggest diagnoses for the doctor to consider
Glean|https://www.glean.com/|The AI-powered work assistant. Across all your company’s data.
GoCharlie|| è lo strumento di AI per voi. Con GoCharlie potete creare immagini esclusive da un testo in alta risoluzione, lavorare ai contenuti testuali, estrarre testi, riassunti e post da contenuti video, ma anche realizzare interi piani editoriali.
Google Bardo
Google Bard|| app di scrittura assistita da IA, chatbot di Google, offre suggerimenti e correzioni
Google music lm||
Google studio|https://aistudio.google.com/app/prompts/new_chat|Gemini gemma non disponibile in Europa
Gpt 3.5||come chatgpt
Gpt 4||come chatgpt
Gptflow ai|| chatbot addestrato sui tuoi dati
Gpt||modello
Grammarly|https://www.grammarly.com/summarizing-tool|Sintetizza brevi testi, summarize
Grok|https://x.ai/|Ai di Elon Muskm uncensored AI
Groqnotes|https://groqnotes.com/|Generate notes from audio in seconds using Groq, Whisper, and Llama3. Fast AI as summarizer and make abstract ready for a pdf after a call,text extractor
Happierleads|https://appsumo.8odi.net/9g3rz3
Haveibeencloned||la mia immagine e' stata clonata ?
Heydrafter|www.heydrafter.com|trascrizioni sbobina e sintetizza video su youtube
Heygen || creare video senza usare la faccia
HIX AI|https://hix.ai/it/| del genere ShortlyAI per scrivere articoli, giornalisti
Highlightcover||images #immagini
Hugging Chat|https://huggingface.co/chat/|Alternative to Poe and ChatGPT
Hugging face hub|https://huggingface.co/|compare, developers, elenchi
Hune|https://www.hume.ai/|Empathic AI
Hyperdoc  ||per i dati non strutturati da strutturare HYPERDOC https://analyticsnetwork.co/hyperdoc/ Estrai le informazioni giuste da tutti i tuoi documenti con l’aiuto dell’AI conversazionale
Ideogram|| elabora immagini da testo. 
Igan.ai||
Image amigo|| realizza sfuocature del fondo o altro #immagini
Image larger||ingrandisce migliorando la qualità delle #immagini
Imgupscaler|https://imgupscaler.media.io/app/upscaler|migliora #immagini
Indici|https://farfalla-project.org/readability_static/|indice gulpease di leggibilità dei testi
Inflection AI|https://inflection.ai/|
Inksprout|https://inksprout.co/|genera testi da video  summaries & captions
Invideo |https://invideo.io/make/ai-video-generator/|genera video Free AI Video Generator | invideo AI Generate AI videos with just a text using invideo's AI video generator. It generates the script and adds video clips, subtitles, background music, and transitions automatically.
Jasper.ai|https://www.jasper.ai/|Marketing revolutionized by AI
Jitter.video|https://jitter.video/|Jitter · Fast and simple motion design tool. Create professional animated content with Jitter.
Kaggle|https://www.kaggle.com/|Discover a huge repository of community-published modelsm directory elenco modelli comparabili
Kaiber||app di editing video assistita da IA che semplifica il processo di montaggio e post-produzione. Analizza automaticamente i tuoi contenuti video, individuare i momenti salienti e generare tagli precisi.
Kgrail di deloitte||usato in  - mining . sentimento  brand pasiotinog mood analysys lavoratori emozioni
Khanmigo||A text-based bot created by Khan Academy. It can tutor students in math, science, and the humanities—for example, it can explain the quadratic formula and create math problems to practice on
Klippa|https://klippa.com/|Klippa è una piattaforma di elaborazione automatica dei documenti che utilizza Mistral.ai per estrarre i dati dalle fatture e dalle ricevute.
LEO|https://brave.com/leo/|From Brave a plugin as summarizer pages
LLM Price|https://llm-price.com/|Comparatore di costi e prezzi dei vari modelli, ottimo anche come elenco di servizi disponibili a sviluppatori e developers come API
Lalalai|https://www.lalal.ai/it/|Extract vocal, accompaniment and various instruments from any audio and video - podcast
Langchain|https://www.langchain.com/|LangChain helps developers build, observe, and deploy context-aware, reasoning applications with large language models (LLMs). LangSmith provides engineering rigor and visibility for LLM development, testing, and monitoring.
LanguageVault|https://language.link| security platform 
Leonardo |https://www.anthropic.com/| con un click ti permette di creare degli assets per i videogiochi.  AI Image Generator - Create Art, Images & Video | Leonardo AI Create your next artwork, with the power of Leonardo Ai. Start using Leonardo. No credit card needed. Transform your projects with our AI image generator. #immagini
Letsenhance.io|https://letsenhance.io/pricing|migliora immagini
Lindo AI|https://appsumo.8odi.net/6e5nOG
Llama2|https://llama.meta.com/llama2/|modello
Lm studio|https://lmstudio.ai/|software per installazione,elenco servizi,Run LLMs on your laptop, entirely offline, alternative pinokio
Lokalise|https://lokalise.com/|A Localization and Translation Software Tool Lokalise is a one-stop solution for translating and localizing web apps, mobile apps, documents, games, and marketing assets. It offers AI-powered translations, collaboration tools, quality checks, integrations, and more.
Luminar.ai|https://skylum.com/it/luminar-ai|software di editing con AI con più di 20 esclusivi effetti fotografici e funzioni di editing. Puoi abbellire i paesaggi, ritoccare i ritratti, rimuovere dettagli indesiderati in un clic e perfino cambiare cielo modificando completamente la luce della scena.
M-bart|https://huggingface.co/docs/transformers/model_doc/mbart|MBART is a sequence-to-sequence denoising auto-encoder pretrained on large-scale monolingual corpora in many languages using the BART objective. mBART is one of the first methods for pretraining a complete sequence-to-sequence model by denoising full texts in multiple languages podcaster
Maxine ||puoi registrare un video leggendo uno script e avendo gli occhi bassi. 
Media.io|https://www.media.io/ ottimizza in mille modo immagini audio video 
Meta llama2.ai||
Mic Check Adobe Podcast | https://podcast.adobe.com/miccheck|
Microsoft designer|https://www.bing.com/images/create/| crea immagini e cover come canva
Microsoft|https://www.bing.com/images/create/|genera immagini free ma registrazione 
Midjourney|https://www.midjourney.com/home|immagini
Midjourney|https://midjourney.talkai.info/it/| alternativa
Minerva|https://nlp.uniroma1.it/minerva/|AI italiana The first family of Large Language Models pretrained from scratch on Italian!
Myshell.ai|https://myshell.ai|Open source dev and voice cloning
Mistral|https://chat.mistral.ai|La versione europea, francese, di Mistral. Alternative chatgpt
Mistral|https://docs.mistral.ai/|La documentazione di Mistral europeo. Alternative to chatgpt
Mistral|https://mistral.ai/technology/#pricing|price
Mixo ||app all inclusive, un mix di strumenti utili per il lancio di una start up. 
Mojo|https://mojo.vn| animazioni Mojo AI | Brings art into technologies Mojo AI is an app that uses artificial intelligence to create and edit images from text, photos, or QR codes. It offers various features such as face swap, background removal, style transfer, and integration with Canva, Adobe Express, and chatGPT.
Mulesoft|https://www.mulesoft.com/|Connect any data, system, or AI model securely and automate tasks and processes wherever they run, including in legacy systems. Empower developers and business users to build efficiently with clicks, code, and AI-powered natural language prompts API, developers
MusicLM ||da Google serve a creare musica da zero. 
Nabla Copilot||Healcare and administration capture audio during an appointment and then write up notes for the doctor to review.
Nabla copilot |https://www.nabla.com/|relazioni cliniche 
Namelix ||e inserendo alcune parole chiave ti proporrà una serie di nomi, abbinati a logo e palette colori, adatti al tuo business o che possano fungere da ispirazione. 
Nanonets|https://nanonets.com/|Nanonets è una piattaforma di elaborazione automatica dei documenti che utilizza Mistral.ai per estrarre i dati dai documenti e automatizzare i processi aziendali.
Neural love|https://neural.love|Free AI Art Generator & AI Enhance immagini Neural.love offers various AI tools to create, enhance, and restore images, videos, and audios online. You can also generate stunning AI photos and avatars with text prompts, or explore useful materials and tutorials about AI-tools and AI-stuff.
Notion ||ha inserito al suo interno l’AI
Nuance DAX||Healcare and administration capture audio during an appointment and then write up notes for the doctor to review.
Nvidia Canvas |pittura assistita da IA che rivoluziona il processo creativo per gli artisti digitali.immagini
Onetake|https://www.onetake.ai/product/international|migliora i video grezzi e li traduce in piu' lingue - traduzioni
Open Interpreter|| installare ChatGpt sul tuo computer. La cosa potente è che oltre ad avere tutte le funzionalità di ChatGpt,
Openai|https://www.chatgpt.com|ChatGpt direct link
Open Sora|https://github.com/hpcaitech/Open-Sora| Open-Sora: Democratizing Efficient Video Production for All hpcaitech.github.io/Open-Sora/
Open Sora|https://openai-sora.io/| Open-Sora: Democratizing Efficient Video Production for All https://openai-sora.io/
OpenAi Sora|https://openai.com/index/sora/|Sora is an AI model that can create realistic and imaginative scenes from text instructions.
OpenVino|https://docs.openvino.ai/|Simile allo stregatto, made by Intel. Consente personalizzazioni
Opus ||per i content creator. Da un video lungo, elabora video brevi, clip e shorts 
OpusClip|https://www.opus.pro/|AI VIDEO CLIPPING TOOL 1 long video, 10 viral clips. Create 10x faster. OpusClip turns long videos into shorts, and publishes them to all social platforms in one click. Powered by                     
Ora.ai|| permette di creare la tua personale intelligenza artificiale! In sostanza potrai creare dei chatbot personalizzati verticali su un argomento specifico. custom,locale
Overdub|| da una breve registrazione della tua voce, puoi far riprodurre all’applicazione dei discorsi parlati che utilizzano la tua voce appunto. Audio
Palette||Trasforma le tue vecchie foto in bianco e nero in foto a colori. 
Palm2|https://ai.google/discover/palm2| is our next generation language model with improved multilingual, reasoning and coding capabilities that builds on Google’s legacy of breakthrough research in machine learning and responsible AI. 
Panda| https://pandasuite.com/it/| La piattaforma No Code più flessibil Trasforma le sue idee in fantastiche app, pubblicazioni digitali e presentazioni interattive senza scrivere una sola riga di codice.
ParaphraseTool.com|https://paraphrasetool.com/|parafrasa testi
Partyrock.aws|https://partyrock.aws/|sviluppo app amazon generative ai no coding
Perplexity ai|https://www.perplexity.ai/|search Perplexity to the next level with Pro Search, upgraded AI models, unlimited file upload, and API credits. GPT-4, Claude 3, and Perplexity for improved answers and longer context. Pro Search is our most powerful search, ideal for longer answers to complex questions. (300+/day) Unlimited File Uploads Ask about images, documents, and more, powered by models like Claude 3 and GPT-4V. Enjoy $5 monthly credit for our text generation API. Perplexity's online LLM offers up-to-date information at low latency.Sonar,alternative chatgpt #immagini
Pi|https://pi.ai|Eccezionale
Pictory|https://pictory.ai|Pictory - Easy Video Creation For EVERYONE Pictory lets you create and edit professional quality videos from text, script, blog posts, or long-form videos in minutes. No video editing experience required, just use the power of AI and Pictory's features to make engaging videos for YouTube, social media, or SEO.
Pika labs|https://pikartai.com/labs/|genera video su prompt Pika, una startup che sta creando una piattaforma AI per modificare e generare video a partire da didascalie e immagini; based on discord, Free AI Video Generator
Pinokio|https://pinokio.computer/|software per installazione (haggingface) elenco modelli Pinokio is a browser that lets you install, run, and control ANY application, automatically. Download Pinokio and explore the scripts shared by the community for AI, image, audio, and more.#immagini
Pix||lets you ask questions (“Which Robert Redford movies would I like and where can I watch them?”) and then makes recommendations based on what you’ve liked in the past. 
Pizzagpt.it|https://www.pizzagpt.it/|front end a ChatGPT 3.5 turbo
Photolemur|https://photolemur.com/|photo editing software local alternative photoshop, windows, macos, plugin photoshop e lightroom
Plugins||OpenAI’s launch of GPTs this week offers a glimpse into the future where non-developers can easily create and share their own assistants.
Plugin||    Custom Instructions    Plug-in di Chat GPT 
Podsqueeze|https://podsqueeze.com/|Audio per podcast - Automate Podcast Content Creation Ease the pressure of podcast production with Podsqueeze. Generate Transcripts, Show Notes, Titles, Blog and Social Posts, Video Clips and much more, with a single click!
Poe.com|https://www.poe.com|testa molte AI, elenco servizi,Alternative ChatGPT
Poe|poe.com|tutti best https://poe.com/kristopherschwa/1512928000395039
PrepostSEO||
Privacy||You’ll want to be able to decide what information the agent has access to, so you’re confident that your data is shared with only people and companies you choose.
Private GPT|https://docs.privategpt.dev/overview/welcome/introduction|Rag, offline, work on your documents offline. Support ollama e Hugginface, alternative to chatgpt
Procreate Dreams app|| priced at $19.99 for a one-time purchase, competes with other animation apps such as Animation Desk, RoughAnimator, or ToonSquid, animazioni video
Prompt Enhancer ||
ProWritingAid|https://prowritingaid.com/|assistente di scrittura per migliorare gli articoli - l’analisi della variazione e della lunghezza delle frasi.
Publer||consente di gestire i tuoi social, di programmare le pubblicazioni. vecchio strumento che ora accetta comandi ai 
PyTorch 
Quillbot|https://quillbot.com/summarize|riassume brevi frase in versione free summarizer
RNNoise  milkv|https://community.milkv.io/t/how-to-compile-rnnoise-for-risc-v-64-in-2023/905 | sfrutta l’apprendimento automatico per togliere (in realtà secondo addestramento, c’è chi lo usa per isolare gli uccelli) dalle registrazioni audio i suoni estranei alla voce umana. Se guardi il link su Archiv e il codice scopri come funziona. Siccome è molto lontano da quel che le persone immaginano ti troveresti in difficoltà a moderare e approfondire la parte tecnica.
Rask|| clona la voce - Rask AI Rask AI app.rask.ai audio, duplica suoni traduce, lingue
Real-ESRGAN|https://github.com/xinntao/Real-ESRGAN|Real-ESRGAN aims at developing Practical Algorithms for General Image/Video Restoration. We extend the powerful ESRGAN to a practical restoration application (namely, Real-ESRGAN), which is trained with pure synthetic data.#immagini
Remodeled.ai|| riarreda uffici
RemoveBG | https://www.remove.bg/it/|
Replicate | https://replicate.com/nightmareai/rea...|
Resemble|| strumento simile a Overdub permette di ricreare la tua voce in maniera del tutto artificiale.
Resume Worded||
Rewind||si sostituisce alla nostra memoria. Come funziona? L’app ti chiede di caricare in sostanza ogni cosa che ti riguarda: foto, documenti, posta elettronica e così via. Una volta caricato tutto, l’app diventa la tua memoria. Potrà generare letteralmente dei ricordi e tirerà fuori tutto quello che non ricordi. 
Rio.ac ||immagini brasile
Risorse|https://datamasters.it/corsi/generative-ai/||
Risposta automatica||gestire informazioni;
Rivet|https://rivet.ironcladapp.com/|Open-Source Visual AI Programming Environment - Sviluppo codice, compilazione e anteprima developer
Rossum|https://rossum.ai/| Rossum è una piattaforma di elaborazione automatica dei documenti che utilizza Mistral.ai per estrarre i dati dai documenti e automatizzare i processi aziendali.
Runway gen 2||
Runway ||30 strumenti per lavorare con l’intelligenza artificiale a video, testi, immagini. software,saas
Rytar|https://rytar.ca/|genera testi per articoli
Sample | https://chrome.google.com/webstore/de...|
Scikit-learn||Insegna  python
Scribbleddiffusion||
Searp.ai|https://serp.ai/|Artificial Intelligence & Machine Learning, elenco di tool
ShowMe ||
SmartSlides||
Smodin||
SocialGist|https://socialgist.com/|Accessible social data, with Socialgist. We are the data access layer between social media networks and the analytics community, making it easy for you to get access to the world’s public online conversational data. The deepest data delivered Get real-time updates about your social media content, data streams, APIs and more. 
Sonix||
Soundraw|https://soundraw.io/|creazione musicale per generare facilmente composizioni musicali originali. podcast
Soundverse|https://appsumo.8odi.net/JzaWVE|Software free
Spacy|https://spacy.io/|spaCy is designed to help you do real work — to build real products, or gather real insights. The library respects your time, and tries to avoid wasting it. It's easy to install, and its API is simple and productive. spaCy excels at large-scale information extraction tasks. #chunking #developers
SpeechText.AI||costoso trascrive voce
Speechify|| https://voiceover.speechify.com/
Spotify ||an AI-powered DJ that not only plays songs based on your preferences but talks to you and can even call you by name
Spyne.ai|https://www.spyne.ai| migliora qualità sgranata di immagini ingrandendole
SquadCast | https://app.squadcast.fm/|
Stabel diffusione xl||immagini
Stability|https://stability.ai/stable-diffusion|audio video image language #immagini
Stable Attribution|https://www.stableattribution.com/|A Revolutionary Art-Generating AI Tool
Stableaudio|https://www.stableaudio.com/|free personal,pro commercial,3 min audio generator, podcast, very easy,musicians genre
Stablediffusionweb|https://stablediffusionweb.com/SDXL-Turbo|Genera le immagini in tempo reale mentre scrivi il prompt. 
Stickermule|https://www.stickermule.com/it| genera immagini
Summarizer|https://www.summarizer.org/|Riassume, abstract, necessaria registrazione
Summify ||perfare i riassunti dei video Youtube. 
Suno|https://suno.com|genera brani musicali molto molto bene
Superhuman ||trasformare la vostra casella e-mail in una più pulita e organizzata 
Syntesia.io||video
Synthesia|| crea video da testo rapidamente cona vatar parlante è lo strumento in grado di realizzare un video da zero di una persona che parla e che dice le cose che hai scritto. 
Synthesys X ||estensione Chrome. cercando un’immagine sui motori di ricerca, questa estensione permette di ricrearla con l’intelligenza artificiale.
Talk to Claude.ai|https://claude.ai|
TalkAI|https://talkai.info/it/|utilizzare chatgpt senza registrazione
Talk to books|| chiede info ai libri
TensorPix ||migliora  la qualità e la risoluzione di un video con un click. 
Textrazor|https://www.textrazor.com/plans|Extract Meaning from your Text. - The TextRazor API helps you extract and understand the Who, What, Why and How from your survey verbatims with unprecedented accuracy and speed. developers
Text Summarizer|https://www.paraphraser.io/text-summarizer| by Paraphraser
Theresanaiforthat|https://theresanaiforthat.com/|elenco directory di compiti e lavori (job e task)
Thispersondoesnotexist||genera immagini di persone che non esistono
Titan gtt2||modello
Tokenizer|https://platform.openai.com/tokenizer|calcola i token che saranno generati dal testo di partenza
Tome ||tool ibrido che, come GoCharlie, mette insieme la realizzazione di immagini e di testo. e intere presentazioni
Toniwow.com|https://tinywow.com/|Free AI Writing, PDF, Image, and other Online Tools TinyWow is 100% free to use (even OCR), with no pesky registration required. For our most loyal supporters, a $5.99/month plan unlocks an ad and captcha free,text,testi;elenco directory #immagini
ToonMe | https://toonme.com/|
Topapps.ai|https://topapps.ai/apps-categories/audio-editing/|Ai tool per podcast
Topapps.ai|https://topapps.ai/|Elenco delle TOP APPs POWERED BY AI - THE BEST AI POWERED WEB APPS, directory
Udio|https://www.udio.com/|genera musica suoni audio e testo da prompt per podcast
Unscreen ||eliminare lo sfondo da qualsiasi video
Use cases||LLM per HR -     Inerview 
Use cases||LLM per HR -     Job Description
Use cases||LLM per HR -     Onboarding
Use cases||LLM per HR -     Selezione curricula
Use case||integrazioni    Crafting Subject/pre-header
Use case||integrazioni    Crafting campagne
Use case||integrazioni    Crafting singole mail
Use case||integrazioni    OpenAI Plug-in
Use case||integrazioni    Tecniche: CoT
Use case||integrazioni    Tecniche: N-Shot
Use case||integrazioni    Zapier
Use case||integrazioni DEM
Use case||integrazioni Text2Image, Inpainting, Outpainting 
Usecases||Generative AI-     Esempi di Prompt
Usecases||Generative AI-     Guida pratica alla Strutturazione di Prompt Efficaci
Usecases||Generative AI-     LLM
Usecases||Generative AI-     Le AI Generative 
Usecases||Generative AI-     Pillole di Prompt Engineering
Usecases||Generative AI-    AI & Machine Learning
Venice|https://venice.ai|text,image,coding generation with privacy,alternative of chatgpt, llama3 Nous HErmes o Dogge
Vercel Prompt ||per professionisti avanzati in ai
Versy|| parte da un testo per generare un’esperienza virtuale.
Vertex||
Vicuna||come chatgpt
Video2quiz|https://video2quiz.com/|Quiz generator from videos
Visla|https://www.visla.us/| genera video
Vocal remover |https://vocalremover.org/| separa, estrae, livella e toglie rumore e voce da audio vocali e musiche, utile per podcast live
Voice.ai|https://voice.ai|separa e rimuove voce e rumore, anche echo, eco, riverbero, conversioni e cambia voce
Voices|| by @elevenlabsio
Volto che abbraccia
Waymark||produce video di alta qualità estremamente semplice 
WebPilot||
Whisper AI|| trascrizioni
Wizard lm||come chatgpt
Wondershare|https://presentory.wondershare.com/app/generate/d | crea presentazioni 
https://wordgenie.de/en/|| scrittura di libri
Writesonic|https://writesonic.com/|Generative AI Platform for Content Creation, SEO and AI Chatbots. scrittura
Wysper|https://appsumo.8odi.net/ank4AM
YouChat|https://you.com/|Alternative to poe e chatgpt, offre gpt 4 
|https://crowdin.com|
|https://speechify.com/dubbing|voce audio
|https://www.dubdub.ai/|
|https://www.paraphraser.io/it/riassunto-online|
|| AI generated automotive commercial. Visuals by Midjourney, video by @pika_labs
|| write up a business plan, create a presentation for it, and even generate images of what your product might look like. Companies will be able to make agents available for their employees to consult directly and be part of every meeting so they can answer questions.
||Advanced Data Analysis    Approfondimento su Copilot
||Advanced Data Analysis    CodeChat
||Advanced Data Analysis    Create mock data
||Advanced Data Analysis    Installazione plugin
||Advanced Data Analysis    Regex simplified with copilot 
||Advanced Data Analysis    Uso con autosuggest
||Advanced Data Analysis    Uso con inclusione librerie
||Advanced Data Analysis    Uso per sviluppo web
||Coding    Creazione di un modello di ML su dataset FIFA-22
||Video Editing    Canva Magic Studio
||Video Editing   HeyGen
||use cases- riconoscimento immagini
||use cases-- generazione testo - partendo da altri testi
||use cases-- q&a
||use cases-- user input
app Arch|https://apps.apple.com/us/app/arch-ai|fotografa e riarreda una stanza
app Seeing AI|https://apps.apple.com/us/app/seeing-|per ipovedenti, vede lei per te
app Elsa Speak|https://apps.apple.com/us/app/elsa-sp...|per correggere l'accento nelle lingue
app Moises|https://apps.apple.com/es/app/moises-...|crea canzoni musiche
app Wombo Dream|https://apps.apple.com/in/app/wombo-d...|genera immagini scegliendo gli stili, con aiuto nel prompting
app Photoleap|https://apps.apple.com/us/app/photole...|migliora le foto, filtri, immagini, nuovi oggetti, sfondo, selfie
app Videoleap|https://apps.apple.com/es/app/videole...|per togliere oggetti da video
app Motionleap|https://apps.apple.com/us/app/motionl...|anima parti di fotografie
app Copilot|https://play.google.com/store/apps/de...|usa anche immagini e navigare il web e genera musiche e canzoni
app Genie|https://play.google.com/store/apps/de...|genera qualsiasi contenuto con template comodi
app Arc Search||analizza i risultati di ricerca e ordina i contenuti
app Microsoft SwiftKey|
app MyMind|
app Dolby On|
app Character AI|
app Leonardo AI (solo iOS)|
app Starryai|
app MemeCam (solo iOS)|
Pika Labs|https://pika.art/login|
Luma Labs|https://lumalabs.ai/
Genie:||discord
MusicGen via Wayformer|https://waveformer.replicate.dev/
Suno AI|https://www.suno.ai/|genera musica
11 Labs|https://elevenlabs.io/
Bing Chat|https://www.bing.com/search?q=Bing+AI...
Poe|https://poe.com/
Leonardo AI|https://leonardo.ai/
Bing Image Generator (DALL-E 3|https://www.bing.com/create
Adobe Firefly 2|https://firefly.adobe.com/
Ideogram AI|https://ideogram.ai/
Replicate|https://replicate.com/explore
CapCut|https://www.capcut.com/
Adobe Podcast|https://podcast.adobe.com/enhance
Leiapix|https://convert.leiapix.com/
Animated Drawings|https://sketch.metademolab.com/
Adaptiwave|https://www.adaptiwave.com|
